archivo,etiqueta_num,clase
8de7791d65ce44deb27f85af20162bf4.png,0,taza
2daa3155e5c743b8ac616f8da60bf733.png,0,taza
bbbb4678dd814533ac7e30fbffd8c136.png,0,taza
f4c5c73ba29d446ab0556c1d9aa356b9.png,0,taza
1cb37816290c4dcb8a0a5a386d36d232.png,0,taza
da58a8f882d04cb5be32096aa2e14f7a.png,0,taza
f048a2765af341e6bd50f68ddba41e6b.png,0,taza
24486db72cf64017bbaa6a5e8734e2c9.png,0,taza
a86fcc8d56824951a3e13dd6203bee65.png,0,taza
3b3ab65fc8c648918c98d02b8d18274e.png,0,taza
0e6e3af212484f14811cb057c6c9c0bb.png,0,taza
764d9c18c1704a23a3e9d0688e760b08.png,0,taza
751a6d7453e940cb8ea3fa177084cade.png,0,taza
1f26afe2812a44f59b68bc6060628782.png,0,taza
8a8e02c3eb3f4ef49763ce727e8390c1.png,0,taza
f06cf806d70e4858a4094dc66b8530d0.png,0,taza
d98afdfeaa7d443db1b0dfe28e56563e.png,0,taza
5f105e3dac224b8d815ce5c3dff0a4bc.png,0,taza
a22617654c7144929319f3f958fb46a3.png,0,taza
a0ece16735f3439ca1aae2a434e69970.png,0,taza
d9c1b0971a0d49808c7ff7c52d97b89d.png,0,taza
bd16ebc0623843d988a601c84d465f64.png,0,taza
fa080b70e91e4968be89ab0ee1ff31ed.png,0,taza
7b0abfad411c46458961f9606ea68d0e.png,0,taza
4ccc43a3d0354646aadbdc2ba0e8b310.png,0,taza
ccd6a10d871b48b29cc5ad172d634a1c.png,0,taza
ee8e0af1fa374defbc26a42754284804.png,0,taza
2bc1646c3a67485bb02db0799d815967.png,0,taza
e09ee38ec21e4214919caa190e8799ab.png,0,taza
4e1baeb8ba84409ea0728afc6cd2874a.png,0,taza
4239f32cc9ad4d4380a283b39ff4a04f.png,0,taza
e04766c7851d40b296c232096237ac54.png,0,taza
5574ebe1264744e388691e8a4d736a64.png,0,taza
7773ca747a674defa6ade75efee4c862.png,0,taza
90839cce63964e56bc99b5a65176d050.png,0,taza
99ff4821c6c84c4b871d2f3f22735a5a.png,0,taza
a6abb4a4cf4e4f12957b316fc052dfde.png,0,taza
74acab85a782435d9c36e86f2d63ddb7.png,0,taza
8f637f463f9847129cbff43c9948f9ca.png,0,taza
64d0516ccb174edc8b3e3457426a38e5.png,0,taza
538d2184155543018f10de0e81086009.png,0,taza
6de4c992c3d1460eba4d9c7ea442d8b6.png,0,taza
07265de803bb4bb7a52c65dee41076ae.png,0,taza
8f030d7a65414f419a67b2200dafba90.png,0,taza
3e6c1162db0a41258a0b370287a6dfb9.png,0,taza
cd632f6402ef4ff38c5dfbf380bded8a.png,0,taza
f19164b5ec5f4f01b29a8600ddee1d9f.png,0,taza
53ab8b84f4f147b4803678011a150219.png,0,taza
5f6dc7bec42144ae8a61f1e08202d0bc.png,0,taza
ba86c044524b4ba3bd1106da7b503327.png,0,taza
7cd242a7eb404230bac7595953939e7d.png,0,taza
e3572613b97a446f8415d2dd7f1c7cb1.png,0,taza
2fe96c8b49bd47f7ad673d53ffb94f99.png,0,taza
adc80bdff9894c87b4d60840ba0ae776.png,0,taza
336e8c56dbe842c495c080ad81c19c1f.png,0,taza
2de754a831a84d18ae95ef732a23af40.png,0,taza
9a9f9a1828c64c9cb4c3613df9fe5414.png,0,taza
cef26b4cd1294142825ec81b95ccd786.png,0,taza
345179d76f16424a9d7593c63efbb2fd.png,0,taza
6b65df4c2f4041b5b9e1ab5866baa0ff.png,0,taza
43e4ad2afb904a308f53fe9fe76854cc.png,0,taza
053178873c9e4f56ad75e7f6e83e6880.png,0,taza
a6d43e2e47fc45a99d2498d701ba1e10.png,0,taza
5ac95aaac4814ef6898f524a761563da.png,0,taza
ea2601705a984095949454ddbece54cc.png,0,taza
7839ae0e2ee9480d9c31f9039c8caf54.png,0,taza
6257981d6ba142a798baff67f7d734c5.png,0,taza
23bf5a32c6a34c6aa5ab17bf030a7a29.png,0,taza
dcb0c4ba9750477b9b7e8a04de7a1a78.png,0,taza
9b14f679aad94d88a260841f1f753762.png,0,taza
a1c6a91d19df45349672963d1419f69b.png,0,taza
2a30dc54a2cd43bbb0baa00ea5e57633.png,0,taza
82e82f3b3cbb4625a5fbdc35a65f0602.png,0,taza
475c0cb7531a40bda45a28dde1c2a555.png,0,taza
3e4b1000e2364800a63336d1de37f136.png,0,taza
d34d8ddf514348589b012bcd068d1b15.png,0,taza
d49dfcfe5e0f438b939815e486acb8de.png,0,taza
bcbf058105c948ffafb997ec2ec1197e.png,0,taza
6a9071cdc9af45bcaa8b295f9ba4d23f.png,0,taza
a381048301af420c9d710a2bb1f305ff.png,0,taza
0f0d884d23214bcfaf47de8a4b1ccdce.png,0,taza
d2dca48b72e744a0af358c45f53c6399.png,0,taza
75cda2b97997444aba3a730fb819e698.png,0,taza
f35b382ba9c64fafab72f999d4b3f7ac.png,0,taza
1bb56b2b65f0401e9ee215115df01c99.png,0,taza
459d0e1db4b94a7ebf3e168eaf727c00.png,0,taza
45f10610429a424e925918a4e7452a38.png,0,taza
b46420f9856d423ea7e598dd551ef488.png,0,taza
db96fdb7967b47a69a6ed647c070afd4.png,0,taza
cba3022253f54d3db07ac353299dbbba.png,0,taza
c9cf254f739e4d9da2290f16aa7124b7.png,0,taza
cbf6c6ba3a164be88cb8f198998e17fb.png,0,taza
35e999202d4347ed934b99e7a963b409.png,0,taza
62832c81fc304907832b4ce71124236a.png,0,taza
2c465fe170614a348108057041e3968e.png,0,taza
6e5e1523a1474cf39216917dafaa0163.png,0,taza
5fd4c629a3104724b046183f21f7833a.png,0,taza
3b4ad73364d9460e91b9795fb14e9562.png,0,taza
8cb4fee1c71e4258b4ec6aade0c77fc0.png,0,taza
66d81cc3ed7a45e3b7c2d7ef7a374926.png,0,taza
8fd7f9337ba54dedb29f975833bff6af.png,1,silla
e1a734c70b9d411bbc4e1b6c6cd06e5b.png,1,silla
63bc5f487d684e9daaf58b4554cccb19.png,1,silla
6b2f23a80c0c4d7fb65d297b9c308a18.png,1,silla
d0c67fc75a06413785150084d7252956.png,1,silla
8c8b900895a9478dae532cd247722f45.png,1,silla
8e442d49107b4edbb961720b8efcc5d4.png,1,silla
e7ace1da48b943d08acc4a66779b3587.png,1,silla
894db1c3f6504e73a794ae26f7d4df5b.png,1,silla
662a32626f2c4352a3c2a9a32c3e978c.png,1,silla
df633d5ae56448de9583716ecca73426.png,1,silla
af7ca23779174397afd89b97cf67b823.png,1,silla
8b318f159fb6478990802cfdc04ad263.png,1,silla
38b7904d37a84936a54aac28b1dfd965.png,1,silla
dc03beb7346e475da076123c293233cc.png,1,silla
463e499995f94fec856034bf01ebacd0.png,1,silla
8001c585a50d4b0c85c0970baee65dfa.png,1,silla
cf5c0929a3c3445a9de4d64d6a09871f.png,1,silla
31820afa5ef248969949cc362f9e98ca.png,1,silla
775e9868093145aa849d4f6fce78fd0e.png,1,silla
6121e90ebcfa4e51bd4673826e6262ad.png,1,silla
8043d03da2934f2bb94da6717901d0fc.png,1,silla
ccdc3a86ff7a45199cefdfcfa6e4a7fa.png,1,silla
304eb7bb23b242f2a6f86203a3f4fe06.png,1,silla
1aa1501cb7294b7aaac6b6de04a5291c.png,1,silla
0caa006a132f4d11997c631ae69d9866.png,1,silla
02d0ecd90d5447559b6081fc32e45ef0.png,1,silla
e67f1e0461b94bf8a5605f9d480cada2.png,1,silla
9ca71044397941da88bf7709c8e64af4.png,1,silla
c448e7d206e64879927ddd6c26d6501d.png,1,silla
1a212decf9e94d6d81accccc18f39efc.png,1,silla
5bb7bc88be874fd39a40985e92663581.png,1,silla
ee46fa05802f427db0443967e3eced96.png,1,silla
d33cbdf5122f4cc980172a69d8c425cf.png,1,silla
01387439ef504c5ab2fbcccd31beb957.png,1,silla
cefefdbce25745f982c999a27aef12a3.png,1,silla
e079b434ed1f4bf8ace197ab34f92c48.png,1,silla
faa798852dc341e0a5615f0706a1f727.png,1,silla
6f3699b9151a472082aa535c5e97c92f.png,1,silla
0274e08c7029406d9b49badcb60b0c50.png,1,silla
bc4d904c4c71403eaef281b445ed1368.png,1,silla
14a0d86e6d724311a88ffc38bbd1389b.png,1,silla
459c846e731448118b39e02285764468.png,1,silla
72138faccefb42cd9a5dc6108f06193a.png,1,silla
e69a9e84c2174529bd932f00587d81b0.png,1,silla
aa81c1e12911459f822999bcd43a9868.png,1,silla
11769a896ee64914b6ff09b4eed75177.png,1,silla
64df0e997b6a4263ac11dca7a85bcd17.png,1,silla
93717dc1e52840568f20c43cda6c2e32.png,1,silla
19932a071f0b456b96aadb8ec997713a.png,1,silla
46da64a8216e4582aec3cebe360ca253.png,1,silla
f573b2c31dad4e0eaf3d88a20b5cc21e.png,1,silla
dedcfbe17cbf49e294c6793a0b018dac.png,1,silla
3555078677f248bc8905eb3c59f47b6f.png,1,silla
8b2d2374dde34018990fb1bb58cef09b.png,1,silla
fa6dbabbadba4cf183f8259e37d74b71.png,1,silla
c4761e55abe8416a8146a49f24eb8e2c.png,1,silla
6b1a457c2976462689ec3e55d6e11bc7.png,1,silla
c1b84fc799fe4bc592fb98488a96a06a.png,1,silla
a9f9f07ddfd4407da11ef006086575a4.png,1,silla
75ff285149374630bcf4567a3ec8b1ef.png,1,silla
32396cc638874e068b2ac8121f4fd083.png,1,silla
953b5469af54414591d2d579912e2d58.png,1,silla
f734c2497e14430490e2c970bf1cd1d1.png,1,silla
00607071f55f4fa786e4009d7d81609f.png,1,silla
4e27f2db8f924dd7bc04c58302d7e238.png,1,silla
27a2009078434aa28b0f7012f243bfcc.png,1,silla
9b0c346e7e884409a504a82bf0a3a2e6.png,1,silla
867d3880528447479848057dd752e862.png,1,silla
dcfb1e04a06b4734b94ead6d7c74ec8c.png,1,silla
a7fbcb2cb7f941de97cb8d63223d8559.png,1,silla
d2e3a95706564c22b451a327849b14cb.png,1,silla
394c3d454491479baa90f8aceab384ff.png,1,silla
4698afb1975e4813810e6fcbef6da088.png,1,silla
8b236118a38e4644a3a5b7bce142580e.png,1,silla
914aafebc2184065aa4fc73544e07751.png,1,silla
8f72c9bac7604071bdc913aef09899b0.png,1,silla
7067ab835128425480f02cccdcd399b1.png,1,silla
4e62f907aa1f40dfb8fccf4a2846fb77.png,1,silla
e8ac8adab6cc496d81ecc1f35d63fce9.png,1,silla
dd4fd791c75543cd95dbad7ce38b4149.png,1,silla
20220ac3a07b466c88de603da0182480.png,1,silla
9b46b106221a4c79995a8bfb379fee24.png,1,silla
29ec87ba52a44f2f8c4aef2825437814.png,1,silla
d0fe8299d0c047e0a409c7c14ce72a5d.png,1,silla
7845b8fe239c45a7b3aa51b92072cba9.png,1,silla
ac0870b9b2674b62907f481e72f67855.png,1,silla
0fdb9b57d9254f639b1bc9ecd2c65eb4.png,1,silla
9243a72768a04ea0be423c24f02e0788.png,1,silla
9a51b947be144dd3a714feee6d405271.png,1,silla
598763f61cdf4da2a6495608953645fa.png,1,silla
7e39666816fe41d48c463b84e9bf722a.png,1,silla
eebe9116e2934a28a5f4e6911def2dde.png,1,silla
585fdea8a1ff42daa0b23a0552dc11dd.png,1,silla
79cdfc11cef74b328db091fc9c12bddd.png,1,silla
4c9bf4156fd245f8a8e93111740ae3d7.png,1,silla
b9961c551e91419f8520af5912f58658.png,1,silla
ca04871d4e974b5682ea0df2215ae491.png,1,silla
7137fd79a2744cf09c8fd7d2800b04f3.png,1,silla
3fe41cf1ba9c4db19ffd4163be007658.png,1,silla
b3638a2fc2d9401fb5ca8da7a94ee6d1.png,2,reloj
6a62ae547785425fac238da9ab0c2359.png,2,reloj
5f561c1928f84fcd8f2b273ab40d6b77.png,2,reloj
74088028017d406ea72c9191cbef8126.png,2,reloj
2cf3a74d23b74c41912f9e00b8dc68cd.png,2,reloj
852a707481a44ff38eef21d4232811ad.png,2,reloj
b9d2423c9f194cd18a38c3e7ea78af1d.png,2,reloj
aaa9b6c2b09540bd9781bad90654168a.png,2,reloj
47c73b6a51d04cff8efe66d27ab3ec15.png,2,reloj
ae32898637d84b16b6347397e190dcf4.png,2,reloj
963fc88fbc1e4e5ca5aba32d5a5da8c6.png,2,reloj
3df52bcfa7184bd382a17bdd9fe7cacc.png,2,reloj
3752519c4f2c4cba87f5f8a9afe9bdf7.png,2,reloj
a8e3df3b9a564c78aea615df32683c74.png,2,reloj
81b4e3ea86cb4e49a2703cbec3dab228.png,2,reloj
282f7ec2e6d84e8cbb70d20bb5a7b6f0.png,2,reloj
f74f41c96ba348788fdd361660488343.png,2,reloj
aa444531300c4693b9c5ad3bb52c9651.png,2,reloj
745b202cd8e04bfd89586b8f18fbcb32.png,2,reloj
c79867b0ccc7472aa6f42f7dbb1dc033.png,2,reloj
5d98b643c2b34f88a87bbf04851c0981.png,2,reloj
8b97964905dc48c69c33b6255665ce67.png,2,reloj
f12edbd833444a159105c8b8c06cc508.png,2,reloj
9d8f35e4758c4033892ab6a6f2b921c4.png,2,reloj
9ee40f6761214d0baed5ecae2783a913.png,2,reloj
9f01fc4ea8b64990bf375063196c8977.png,2,reloj
82f367513b0642a9891402575062f411.png,2,reloj
8b49617589a7487591fe4c410df7bf46.png,2,reloj
4fec8d0e6f5f4cae9ee97df8e7da1932.png,2,reloj
e2777b9efb6f4753a2d7b5cd934126ad.png,2,reloj
f67884358a134bd2882f9bc55fc6da44.png,2,reloj
58f0cf5c69044017bb1ea0548a0a7372.png,2,reloj
845ba2e4aae74727ba18800a55edb0bf.png,2,reloj
c036e2cdfff24e278b48cbebfdd40b91.png,2,reloj
258efd3b31a34668878a89c53d8acce7.png,2,reloj
a6e8d6815e674a33a291d2008819a6ca.png,2,reloj
16a92439ebf14451b14eefe0fc4da299.png,2,reloj
8b7a58485cd243a1be5ff0262a6fae0f.png,2,reloj
9f5d4bf196044b32ade5ff968ba4ee23.png,2,reloj
a243da217bab44a6aceacbde231ac607.png,2,reloj
a758dbe6e7fe4b3d9ad1548d5b3a1c26.png,2,reloj
f7f8a7f1400a45e9a650e7ace03542e5.png,2,reloj
652f48134e0b4a94b5679faaf4e0c11f.png,2,reloj
ce057b31ac4148f09fd875b080bdccaa.png,2,reloj
932438e96d984a7fbd653afb6a993678.png,2,reloj
81a02a37066046079c37ffb56752a2bd.png,2,reloj
8fdd319db9dd4bd8a822e2dc2a5550ea.png,2,reloj
1837909387234737890ddd89b3fbafde.png,2,reloj
6524703e227242d2abc1173cbb9126fa.png,2,reloj
02dabf16bb9340ad9649c94a29d16974.png,2,reloj
8d02baa9e17e4cc78526c9df0ca7ac1b.png,2,reloj
35ca0e3ea3c0418fbfe149ec3ddb48ca.png,2,reloj
ba5075d3f7f7469a9306bfdb2b0a86a5.png,2,reloj
c00c3ce7511747a6a7f20ab05be4133e.png,2,reloj
3508b038402b4bc2bcaa136a3c03e4ac.png,2,reloj
7c53122eafc14b2b9b48a7f05ad7bd7f.png,2,reloj
0b736fe0d50444848bc4901edf30d75b.png,2,reloj
6b03119f73d7437fa82126bd2c6d7785.png,2,reloj
694319e480cc4faeb513ac3df7347158.png,2,reloj
4ad7a39d593b42e9b080869bd99fbb14.png,2,reloj
190d0e46fe324ec285f87708d9fe7f3c.png,2,reloj
75db1a72a15d471f873a43b06d3cc234.png,2,reloj
5568d46017e54a619a5cd293d435c0f3.png,2,reloj
bdef3a7568774051a973e5ec80d3d8d8.png,2,reloj
f269013039864f228129796c41ffd128.png,2,reloj
4407d9a30f3d488b9a3de68bcbd4a09b.png,2,reloj
7245286101ca466c9b28164f9503f2fd.png,2,reloj
16a57ff01285496fae45b4738fd3dfc6.png,2,reloj
7189f7e31f8b41a59892805cb6e94e24.png,2,reloj
03eafa48e86f44378cdb36a6c5e844b2.png,2,reloj
ff2df9ce02964c0281ae687fd33ff2d7.png,2,reloj
caf1f739e2d54d8db03e3122c9929559.png,2,reloj
bbf193060df14793b6f31b89622186cc.png,2,reloj
61f19527dbf64306a2dfff4dd7f522df.png,2,reloj
589d1c7adcca40b79268e2c39198ecbd.png,2,reloj
bb74a416084b4cc4b3121559a8661678.png,2,reloj
254c917d46a7435a81457cd065470f94.png,2,reloj
2dc2865f5f2443cea78c964c74c5bbca.png,2,reloj
0274fdcda2914ed7a42e966d344c6a51.png,2,reloj
a90801214f144c9bb31c42964126a404.png,2,reloj
60e4f2f9dd7347ff9bfed285667be8eb.png,2,reloj
451e9a25eb164f6db7a15d2e4b3a0098.png,2,reloj
f6d1c13650bc44e0813ac6dc40f6fd57.png,2,reloj
638c09da13304b46a9da9116eb8ee283.png,2,reloj
35abb93123f74b6cab2dbfc6ec224197.png,2,reloj
3c201ce3c9da45deb1b4bba36c6e960e.png,2,reloj
ef2e1b4071c14090bdf97acf25fc320d.png,2,reloj
2e67b1e954904c9bb0f98dd77d2d5fb8.png,2,reloj
fb5795cf1e3f4b37b350d35d6bade7f0.png,2,reloj
2ca4d5cd83834ebbb51bca661a8ee714.png,2,reloj
90093f471f84435aa07e3556da8f4206.png,2,reloj
546d1d27d0054404ac7399cb7b48cc85.png,2,reloj
8d4743b8ae964d6fb78c76ec42da7386.png,2,reloj
df4b83e922f049ba97d7e406628717af.png,2,reloj
42ead44c531c4110b824411e62fc23d9.png,2,reloj
b9b3d47a6d894a0cb3c5f6c26135ca8f.png,2,reloj
21c8b3c91b2549c3b74fede13edce125.png,2,reloj
de7fdda47aea42febde506755a31d224.png,2,reloj
ba528916f66d444e9b6ac64b63fbb3fe.png,2,reloj
a7330a724b4e403fa8f78bdcb7bda625.png,2,reloj
e3765bd8d8764136b7f4b38365d04c07.png,3,bicicleta
b9807829f3154981bfcccb8d630d33ba.png,3,bicicleta
ed396b0503ae4dcbb9be384521aaebcc.png,3,bicicleta
921c83ff24ad414eaff57331bbd2bd6e.png,3,bicicleta
7bbfc4b3bd1e4a5891e8f858a13eeb0b.png,3,bicicleta
b2be933d84ce471ca597c22a5ee3af95.png,3,bicicleta
3a9b9f0d74d444c7aba9f7c408b69d0e.png,3,bicicleta
3ac5ab25e3954ac2b51b27045f0bb88c.png,3,bicicleta
947267e2f38046bdbe08fd6730d1b3e9.png,3,bicicleta
9c2c4220a2b343e9a8f27aed8ca7e27c.png,3,bicicleta
dbe4f0a1c2184c458cee15fffece0364.png,3,bicicleta
52c6479856674e9a9368c8aa245be6f3.png,3,bicicleta
76ac40f6411c4e3981d772fc3fcd783a.png,3,bicicleta
46c9fcf87b82451aacbe682956b40946.png,3,bicicleta
43cb33100c4c44de81bc2b4e1f975f28.png,3,bicicleta
644334d8befa43f7ab6dcdeec3707f96.png,3,bicicleta
34fb3b4885784d96968ff4d85b55b8ab.png,3,bicicleta
13a10b07026e451f96c58de802b4c235.png,3,bicicleta
0e12ad8da9634d6396d8f6d51398e2e0.png,3,bicicleta
9e25566290a94d0c9b9b316d02f9b684.png,3,bicicleta
33af42defaf043789c5d9e4cd1df2f05.png,3,bicicleta
df7c9fa27a7a40c8be55f31dcb5f1d08.png,3,bicicleta
b70189bc7c9f4464bfcb4e344d311be6.png,3,bicicleta
597d28e8c0d743dfbdea2caa59be8ef7.png,3,bicicleta
af547bea44104649bcee5b9ef21fcb85.png,3,bicicleta
7fc17e87aeac44c9b9d0303b6bd10b8f.png,3,bicicleta
149cc0946e394875b4b37cd4e00909f5.png,3,bicicleta
209a627445dc4757b414c7d1913292c1.png,3,bicicleta
97c557e05da74e3485e93cb930b46f5c.png,3,bicicleta
824dcb862dbb49de99d7cef3c023ed08.png,3,bicicleta
0948f4cd704d455aa0de1afe71c883f3.png,3,bicicleta
c95aec274b364eaaa991284739654ec8.png,3,bicicleta
4107c052debd4320b1bb3c5542b266f3.png,3,bicicleta
596ad74bbc87493a98a8da5430c9de80.png,3,bicicleta
b6fa3f559de045e0958ef7be91891ea0.png,3,bicicleta
af7a056b91684c1992f9b05526356e86.png,3,bicicleta
14bd4bed28704f159374a2779c9d646c.png,3,bicicleta
038c360e6c7048b299bc52515cb520bc.png,3,bicicleta
778eb4eadcdd4b5982f46a44bf1fac29.png,3,bicicleta
eb3cecd728244b55ac6c7ae76e32072a.png,3,bicicleta
8edcc316f1bb48a2aa9d93f8c3db739c.png,3,bicicleta
6eaccf5dd4e34154a0c0d5622ff7e5fb.png,3,bicicleta
d2809d312a5c4d92b0572b2c781651af.png,3,bicicleta
720f2a286db945cd9b1be0b88f5288ab.png,3,bicicleta
e7aa858f3ea4461bad53d053990026eb.png,3,bicicleta
b0fa6a349168417a89863656931a6721.png,3,bicicleta
a487f60765834ab49419c9b17146e8ab.png,3,bicicleta
f61c7b6f405044b1828d11ad24aa162d.png,3,bicicleta
169f088a881c4d7888de272809460b42.png,3,bicicleta
24d123dd9b8d422782803c53b8b212c7.png,3,bicicleta
f0d519b4b502442fa03263bdda254db7.png,3,bicicleta
3ea0fc2c555e4160a40b85f2b4b66771.png,3,bicicleta
cc34f529b05c4843805908b49061e889.png,3,bicicleta
67f19504a832453f88e39b55b15ae15e.png,3,bicicleta
6760b2d92de64d2ca63a206fc00f570e.png,3,bicicleta
94a0234d56884bdfac916ee323b0e6dd.png,3,bicicleta
8efa64870b6d45f495a44a97b2848e7b.png,3,bicicleta
21b203d609364e8282d2c503116e7eb1.png,3,bicicleta
95119587ac054304a2b35bdbecae2d53.png,3,bicicleta
0cddb253e48345f18adea22aa443b80f.png,3,bicicleta
2e64611b253246b99b9f48d0bc5948d4.png,3,bicicleta
4514a25d3e6842c89261cf3fbe4faf79.png,3,bicicleta
443bd069afb74c9a95e2346c69a3d367.png,3,bicicleta
d7a23bd542f04e6b95cf849c6e6071ea.png,3,bicicleta
3f21dd062a5a47e3bd61140ec24e2933.png,3,bicicleta
c94af2cf8e484f6f84d393bc2808569a.png,3,bicicleta
177a1db340d94497bd469bacfd4c4860.png,3,bicicleta
c9e70bade39249bdb861e23b169b8ab5.png,3,bicicleta
789ac374b1604be8ad96c9ba801e6e6c.png,3,bicicleta
cdbc7b61da2c4fdfa2716313c0101bf1.png,3,bicicleta
af7dc154129d4c9ab90eb0af76958e90.png,3,bicicleta
d241cd76c26d4536b3b686a2d17bf531.png,3,bicicleta
9618890a0b714fb7bc69cd201cd5c882.png,3,bicicleta
e568383154514d5ea0b0e5643f27a530.png,3,bicicleta
603ceaba371e4630917b00fccb24862b.png,3,bicicleta
f39e7ec033bf4d949f912782476d091d.png,3,bicicleta
8c4278a97ac9410d938722dd13281ca8.png,3,bicicleta
33b5380a22af48f994b4f022973ed5be.png,3,bicicleta
38271a174e5442a8ad197d165be014f6.png,3,bicicleta
616a1934e9fb4da4a21bb24547b1096f.png,3,bicicleta
d5753c953ce449edb86217b5a2021930.png,3,bicicleta
5e7bd0dd1fcb4f79856941afc2e0da1a.png,3,bicicleta
b098293fba1945e5a4be8e75ebbc34ed.png,3,bicicleta
64b2d12b93184b83bdbdba5b0dad81ad.png,3,bicicleta
614b77ebb6604c62a50b82925f5d51ed.png,3,bicicleta
590a62dc5f264c01ba9316b02fc43696.png,3,bicicleta
741b4816e7434ae8a98393697c6a940b.png,3,bicicleta
45a68705e22648da8c90bd79b31842e8.png,3,bicicleta
c9ba0f96dde64b4eae1d7dced092dc58.png,3,bicicleta
92c311ea1dfa4673b61d21f71015eee5.png,3,bicicleta
edaa357166ba4fa3b05125c0f7d96f63.png,3,bicicleta
ef61475e78284b46a2cb17d3975d369c.png,3,bicicleta
430dcf94c6cf483e83bbde5ad9bd6f84.png,3,bicicleta
f95375ae8eb4480887a140ed1e4d735a.png,3,bicicleta
cdc973f9ec474f82acacff95c601b799.png,3,bicicleta
3f5eec4e033044ffb1b97cac24be7bca.png,3,bicicleta
0dcca68a89154333921c091a1dcc2fad.png,3,bicicleta
ff0e7198ab6f45319db3f56a4fc435b0.png,3,bicicleta
ab1099b532394e77916813ff3add8415.png,3,bicicleta
3f3aa97a58874b0ab9c48880e25baa4f.png,3,bicicleta
5d01760c06964531a0eb42ca862d420a.png,4,zapato
61740f21478e404f88e330a1b60951e7.png,4,zapato
fd1f6ef5966f4a1d9a686e82709aaa83.png,4,zapato
e35b14382152461ea04e929f6339a044.png,4,zapato
8b0c522ee19347c38f94a8635b6213c5.png,4,zapato
89b43c8e56d1424b9d201090211be807.png,4,zapato
90c1b2d36ab841bbaf7470bc058aa6b7.png,4,zapato
57e1670df2a5450a8491be6765ddaf5e.png,4,zapato
8d966331324340e4aa12da3b40452685.png,4,zapato
caf66211e5924508a3019eeff8d25c3b.png,4,zapato
9cdb48ae7da545debad91cc06b897201.png,4,zapato
0361a3a06a61407a8230fe0d472ad98c.png,4,zapato
b03c8fb46c0f4d6eaceda0472a12508c.png,4,zapato
8c0c8ac36a0649e68fda9d65a7a1d3d6.png,4,zapato
d93e094fa31040e0a1c595d023bdd6b7.png,4,zapato
8bc712244ca84ed1b694c9095ae22a61.png,4,zapato
340f15f6f7cb47a9b5eeb1d726324593.png,4,zapato
3488cccb4d3a4f05b56c881f6574eeb3.png,4,zapato
72e0b7a6d9f54fc1a902d42b68238f17.png,4,zapato
02d717175f6e46d0a7a47be6749793e4.png,4,zapato
21a31055f4024b58a63c31bb52370325.png,4,zapato
b334609a7a834759a1ca3212bfe55a96.png,4,zapato
0088b6df7d3b41eb8f5b08da2702f0ec.png,4,zapato
6a50ab6b6910432999b79b424b19f8ef.png,4,zapato
72f081d362b74534b020ad6d6bb2a6bb.png,4,zapato
afa2541e8ab14733a99b7f66da8c29aa.png,4,zapato
01ac0a7a4be249ab839eb0bfd4a78551.png,4,zapato
9c7845e45e824d74999955977d44e310.png,4,zapato
33a765372a2440a8be9f0fe1256e8d64.png,4,zapato
50f1957a5fb449a9a4c39154edf7be68.png,4,zapato
7aa6b22ff93f43bf9cbcddf81fa7facb.png,4,zapato
73ee3e92fb1b4ee983f2e68c3f5c404e.png,4,zapato
86f1bf381df84c70a247d801ebc7c878.png,4,zapato
1e1ebc3fdc714039a02f089f897045c5.png,4,zapato
b7ca5d641b0745dfb85eb7b2967cc935.png,4,zapato
d746e9948a1b4a9687b343ab0ed5ce34.png,4,zapato
773a06db8057494485df1c631e67b5ac.png,4,zapato
0da91fd65f3c45968ce86627ddf7132d.png,4,zapato
e304294b267f40b9ba41e76f8ca55aa9.png,4,zapato
516cca9558b24706b2def536aabd3d32.png,4,zapato
928d35b4082d4e46829569eb9b43bb6f.png,4,zapato
da4e277781234de6b4a0d74730362aee.png,4,zapato
21e097bd7b5347b589aceb4ab300d1c5.png,4,zapato
fff0fe2413684cf482612a61f50cfcb6.png,4,zapato
b01f9d9bf7ec44f88b5a2545757d5303.png,4,zapato
9e8d6d4da12f4720b1cc0d386121cf41.png,4,zapato
b6e1f3df7e2249d883086ca212c004ca.png,4,zapato
74ed2772401044cba973489aee04cf03.png,4,zapato
65e3a937a3b34ff69a6a5867c39ebe5c.png,4,zapato
31764fa40d3a41a4a43920a47609d798.png,4,zapato
18488194fcaf41ea9e38315e891f6c3d.png,4,zapato
1d0a72e0f38945faa3dd9e70895ceb28.png,4,zapato
88e8442652d34f09adc893a605181234.png,4,zapato
c6074ce9f2e349fa8faa40792e46199d.png,4,zapato
4dd1b727d0c742a6add6bbe412305ece.png,4,zapato
c6e40aecbc054eceaa5eb94caaf33f53.png,4,zapato
509eb93f74fe41c2af1a205c287104cc.png,4,zapato
3e46b930bbd34e47b5d4a7198b22a3a5.png,4,zapato
469112345e964b178e67c764e484185b.png,4,zapato
969546d5d607434eab90345694fcc955.png,4,zapato
d0a6d0e569f04e3ca93a72d2c2792bc6.png,4,zapato
803d0a205e404b52877f6dfa4140ef8a.png,4,zapato
c044d71864504d3e8f84b432250f0e53.png,4,zapato
e21721c1766a44888fec751b6fed0ca3.png,4,zapato
d90471daa5ce4eb2a7c7295724967502.png,4,zapato
de7e2a3e53e244deab9fe745088ce430.png,4,zapato
ca3d96056f714d8b9405a1ee47e1c2f3.png,4,zapato
5e17a85c490d4a2bad1ca93184556731.png,4,zapato
fcce22b7608948d89c07cc3d2fdcdd34.png,4,zapato
57cfd50fbf9a4f5f90a588f9dec360a8.png,4,zapato
b2582d80b0a9494dbc0a2010a25062d8.png,4,zapato
3204454e65bf4b46b3d65fd4c11d06a9.png,4,zapato
d60ba6e2d7c94146b3d6308ed7d0c4dd.png,4,zapato
ba07715d70f3420bacf05ba573da107b.png,4,zapato
03c9e9cee40d4904aa13f246ef601320.png,4,zapato
f4a2e42f7a2a43cea744016234a60045.png,4,zapato
f4ed2133f89c4be086f87a9c8d603ad9.png,4,zapato
13434270d969494a98c1e41ef13bc517.png,4,zapato
6a8720a5721447888e1ebaea5aa3d392.png,4,zapato
72bfcc34ddd741e98d9d8dc4dbb1fa1b.png,4,zapato
3ee2703fe05a47edb9357034365205df.png,4,zapato
202f705be72a4fe6b1478e12e58170e3.png,4,zapato
4e8ceb63a15b4f2d8718f9f278b2ac0c.png,4,zapato
160fa35c66ee43e3b653f67716340dd9.png,4,zapato
70bf8a7af84e4c05910f6cdf631e2b7f.png,4,zapato
b8f36376e071410587ef39524afd5d7c.png,4,zapato
5f3bfd8c5e9f4b7ca01c6fba3e979e7c.png,4,zapato
6c432b3c3feb41e490d654d72a59fed1.png,4,zapato
5de8818297044d70b8527c76ef88ee19.png,4,zapato
e117da599c2f4f9c9d39cd63f59741a4.png,4,zapato
c474f51ac56949d08731788e01896e7d.png,4,zapato
9c7026c9af4c46a48b516386794f7eb9.png,4,zapato
ab0f01a31420436797e7fb94c8ac8a75.png,4,zapato
c09d3e059712415f9c65416c1f8d897d.png,4,zapato
5a23eaa7670e45a18316fc8e80d82a7f.png,4,zapato
a828f96b99e449749f3acb927707840a.png,4,zapato
f2784bee0b884c37b1efd7ea0e239c5f.png,4,zapato
ad5bb629b24b432692dbbe19b7ae5d69.png,4,zapato
494a87e21e424065a6fdb7218bb95f56.png,4,zapato
ba2a696bef0949a89dcc3e874a68816a.png,4,zapato
aded88a502e44f03a3900a977cf35f9e.png,5,gafas
4f168c81f2fe41a8b5d6a8c313b98a85.png,5,gafas
fee384abbbdb41b48e34fcbfdb68fc84.png,5,gafas
fea12bb2a06b4f8e87d73d18e2fd8c71.png,5,gafas
fcddb91bdaea418495142b6354ba45b3.png,5,gafas
a544bb3641fb4060b114bbfa05ef1e6a.png,5,gafas
5af7067fa95449b4963193c89b01a940.png,5,gafas
4be51536936340a6a937b28dd5e0c739.png,5,gafas
9993bc9b80204b35a7ee868deb3c87bf.png,5,gafas
c7f43486a02a4dbb848e7e2ab885ea4c.png,5,gafas
b3c88bdfa11949d9aa5d636236a24284.png,5,gafas
9a0861c2fd0041279994efcb594b43f9.png,5,gafas
9696afde395d4677a8b94a5b8f1fcbb2.png,5,gafas
f0c90ea23f264bffbff0716ec07eb0d0.png,5,gafas
13a217b0ab264823b55e3e696ad80c2f.png,5,gafas
744e5f7f489d4ab9aced4d3e48e5f330.png,5,gafas
83209db2b8f94cedb1d4e6d2f1efac87.png,5,gafas
722da423ec5c4e34a9b2917f3f56649f.png,5,gafas
bf743c18df29435bac613e0aa1892742.png,5,gafas
62e9bfced5ad48af855d3772230d3e98.png,5,gafas
e44a81d68f224a0598a963d29eac7f93.png,5,gafas
ac1e061fcf1b4001972aecd6d62cb22c.png,5,gafas
9bd61462677c4620a233ba050edde6ff.png,5,gafas
a6969d74f8c34ae0b93c27801ff6b8a4.png,5,gafas
b2e688ce33924eb88443b95c4045837a.png,5,gafas
42888eba62a7425bacbf7842f222f538.png,5,gafas
b8f7ee1e069644f6a9ae15fff0071a9b.png,5,gafas
04e362000dc64c42ac74c7b4b9365503.png,5,gafas
af0accc233884fe1ac49a562bb589461.png,5,gafas
0bef77d094c347d1ab56d4522c549f3c.png,5,gafas
6e8cf606ab7d49309c586d699a256226.png,5,gafas
35bc21eb0dfa494bb8c44fe58276b2dc.png,5,gafas
38e2ffc9b4f9433fb371843c0fdb7cbe.png,5,gafas
174c46d2e92744fd9e7aff422a4cb12c.png,5,gafas
2f31defeaf3f466b8ae1672c9eda4bec.png,5,gafas
d069f08e2ed54df5a02577b261b433cf.png,5,gafas
ebc8488d910d4bdb84dae131c1618a6b.png,5,gafas
58187231e0594a5b9d5f5a0d14c5862f.png,5,gafas
48c056736b0147288a2855914d689141.png,5,gafas
1d3aeb9307644b42b460e6d29b3ce448.png,5,gafas
bd48cb103d76423dabba965b3f498eb1.png,5,gafas
4c50335741ff461a83cc9bc3a9e9a4b2.png,5,gafas
c356adf1407f4b3ba59c3d663f6e7da3.png,5,gafas
63319e152e344db2b6f51d3202022f81.png,5,gafas
3ecf13574ccf479bb29457a65798482d.png,5,gafas
c62bde461b3040bebb6ccb754d2fa9ec.png,5,gafas
b721f5d84de6479c818f9089ca99d682.png,5,gafas
44288ada9aab422da7b5ecc9a193cf2d.png,5,gafas
cad0af9f61f14a8c8832d9e0482a1fbc.png,5,gafas
7e70f7748f91435ca7bc8d3105f1f007.png,5,gafas
0d93e2bd51e54481822a376e1b891968.png,5,gafas
44c69da9b36e4e74b1bcbdbc8973a384.png,5,gafas
5e0312319831465e9622c60c9bab064d.png,5,gafas
48c600ed49c042589d3b80b2bf6a4b4d.png,5,gafas
506c9c667763452eb73d5fc738f24b2f.png,5,gafas
9320d6739afa4c67875c2969296fef44.png,5,gafas
dd3e3858b7934af0aea63df49ab7b622.png,5,gafas
d60fbae3aadf405a9f2060b36efc692c.png,5,gafas
69668845aa22434e8f06c733ef2d753a.png,5,gafas
5ec49607f8bb49c7b8734dbd6a5ee301.png,5,gafas
0afd869af4eb4f4a879666e560d2277b.png,5,gafas
a988e141215c48de9e1489edeea4de29.png,5,gafas
83d9fc9761374b1da500cd9b73224090.png,5,gafas
57b880a09a6945f694a48b3149ff1e19.png,5,gafas
71417229384e4442bad9c234d5c67644.png,5,gafas
63ae12c34cff4a2491f9e22198980fa3.png,5,gafas
53b8b337b77c4ff087444fe014746bba.png,5,gafas
238e7a8734d740f2b81797146e6b8714.png,5,gafas
5006afe65b8d4f979c45c5cb047fc676.png,5,gafas
0a02e47182be4045938bdd8168dfc9b1.png,5,gafas
017b0dccad234b58abb2922e737536e4.png,5,gafas
ecfa76ee52404a1a975ef8c4bc25282f.png,5,gafas
10502e9b02f146c4adb2d0b1e826001f.png,5,gafas
95a5a14f54f64129813a1239db86e9ef.png,5,gafas
5b236bca08724c87ad2a61fff69be6b0.png,5,gafas
c6d5d4b6356f406a9ac89f3c913f6b5a.png,5,gafas
4196084db36341e498e2b010da1f80ae.png,5,gafas
48d22171cb53436fb1e1521dd6cad42c.png,5,gafas
c84b8247aa584e25846f326660f94ae8.png,5,gafas
6f2e41bd6fcd40a2ab111d4e23b97f62.png,5,gafas
21efda2100b546009ff165eb1b134584.png,5,gafas
35c2b6336d5e45398ccfc26a363920cf.png,5,gafas
aaa66b591d82459b8908ab49fd8a39e8.png,5,gafas
d3c6753f13bf459d8bb852b45e6daafa.png,5,gafas
7cb493e403d24a0ca284fef78bff3e0b.png,5,gafas
eec770b3322a43e182b15c5f7253af08.png,5,gafas
38c8cffc4eeb4cd384bbfc7a5a0bd27e.png,5,gafas
9ae32b1bd29a4b28ac3d4a346f443ee0.png,5,gafas
ca3bf53981a04d4aa77f6f8a70589487.png,5,gafas
5e8f72673d094bda8f484ad37d5339d7.png,5,gafas
798a4bd0f9ca4825b2499bda0f916b6d.png,5,gafas
d4a46a07afce49aa84f3c558321d009c.png,5,gafas
4755f761ed124e8b87672b3d5f70726a.png,5,gafas
37422815b2fc4c9992979de222673397.png,5,gafas
e170ce356519401685b74dad3d5dd7fe.png,5,gafas
a2763d4c444f4b75a5d7ed4bfb348489.png,5,gafas
05b592078b9a487e9ff25f2c92c16b1e.png,5,gafas
fed4fa1407be43ac9220988614fd9940.png,5,gafas
7630520b0dbc4e5f92f3a44f0d9bf7a7.png,5,gafas
3a81e3b85ba14336a688e1f8a1aa9a70.png,5,gafas
7eeb6cac43054ccfb5bff8819f5f287f.png,6,mochila
82af345351664b3482c4c62e75751c37.png,6,mochila
b5990809c1754ba2b930a168540f9d30.png,6,mochila
065db601b6e248e09c7b9d82cebb67d7.png,6,mochila
f1855c49b4cc4da9b864e2e1385951e2.png,6,mochila
65d6d026d9044a1d932f016db066beac.png,6,mochila
644cb4f273fa47c3b98bfc1d13e021f0.png,6,mochila
2f313950772c42838b6057520f12c6c1.png,6,mochila
a8f648614fbc4f3c9f1d3186a61dea27.png,6,mochila
9c1fab26cf2241419a9e2dfab906ac50.png,6,mochila
823b373ef43a4857b59f261a44edda5f.png,6,mochila
9941901ee2384f038230cc492addda7d.png,6,mochila
338c6ac0e26c4d10afcc0f4efcf9892d.png,6,mochila
78b9da59028c4ec086f99be58049e5ed.png,6,mochila
a16c1dce58634ac3bb5a01d4c9aa3ef8.png,6,mochila
735a7ffc727f472a8787236cd4fabf0d.png,6,mochila
3d9432ff60c542d984f55b8d24a4cd1b.png,6,mochila
25a5922608f344e88f7c21d353977416.png,6,mochila
a26fa08cf8214a7a88a52384489a191f.png,6,mochila
66b885cac0a5453494e65eefa700ef72.png,6,mochila
c29aee78de684b54889c77ac5ea3d5b8.png,6,mochila
54524a787e8a479fb39a05db291b20ca.png,6,mochila
8c8347fc78984e2d960216fc68dc3164.png,6,mochila
ee47a3c57c634cbfaf618acd74b19a4d.png,6,mochila
dd73d7185ea546b48f7e27b6783a003d.png,6,mochila
4906b792ff1c44698186956f6ff24de6.png,6,mochila
131eeff794c0425dbb95546736eac54f.png,6,mochila
2ba7191ec14a44d29faa4fb764e20cc7.png,6,mochila
8dd623ac6c79460091fc052fc807815a.png,6,mochila
7e702f85a1ae49bd84cc307da3de3061.png,6,mochila
5bc8e5ed92314c2dbda83fec05413551.png,6,mochila
d2854301346b4650b0a27628ade13745.png,6,mochila
6508e5f228fb4959bb76ae2c752689ce.png,6,mochila
0211fb740e8540ff963264b015f4fdc3.png,6,mochila
23b670d5411246c99ba127dc821d32aa.png,6,mochila
f5ed950a1a1d4ccb8655777b074de2b9.png,6,mochila
1743aab2291e4f2190082202629ef7e7.png,6,mochila
e344033d9fd042da8b9e84c9e1cc0dd1.png,6,mochila
dd940441eafe482696c01a1b3bfcd13e.png,6,mochila
0884861a229f472bb22e67a5cbb2aab9.png,6,mochila
e1350536aaab47348dd631898f5ee4af.png,6,mochila
c5b875190d644da9be1b111573c85518.png,6,mochila
1fbe68c481544811a9e03608259652d6.png,6,mochila
fd9a728880db4a51af63bb81334572aa.png,6,mochila
37f70544e58e4b3e8e3829d8bc0ea0e3.png,6,mochila
46e42361cda24147b03474c8b87cba2a.png,6,mochila
fdeeb3ddc17948ef8b1d180da0b0c993.png,6,mochila
3970d5b41ce64e4789b70d39af9f2a79.png,6,mochila
c8de7dee1c0f4878b75eae5ba01a159a.png,6,mochila
9142bcb84f934ec488e02d5f9571552a.png,6,mochila
c13e7f0435274ebebac3dbe51b69b752.png,6,mochila
e6659da5841541488ba603a3432fb1a0.png,6,mochila
ee48e1851efa4edab9eb061bd425f6c5.png,6,mochila
c21a1378c9384afaaa8cbf9275886258.png,6,mochila
d090eb5e3c7b46618af5ee04a39db65d.png,6,mochila
df98a0806e624985b6ed3174cf07742d.png,6,mochila
79aa1d23febf4a6cb8aeb15728075511.png,6,mochila
2eb93594ac9f4ca5aa134a0ea16c95b5.png,6,mochila
ee59a4d162f74dabb766c1e277ac7e74.png,6,mochila
1d3f52f6a53740f9899236f0369719c7.png,6,mochila
5628691be1c2430b9ef524d22e1003f2.png,6,mochila
d49c14c66fe54abb8ae8d50ca1083324.png,6,mochila
c2280d8cc3874de4873657e4188c1390.png,6,mochila
54bdc59b413443829061fc9e3ffdf9d9.png,6,mochila
59555187ce354006a537c1610c8d8b06.png,6,mochila
054e921a84844375a0cf8fba4138872e.png,6,mochila
aa070d9c0aa54aaba144b9aab457bf99.png,6,mochila
cbba4700b7c5494f9d50cbfa2bf3f7ec.png,6,mochila
13ae9e5ae272473c8a35e2b93d96bf54.png,6,mochila
58f94c58473c4e73978ffe3db84b4e6f.png,6,mochila
acad5e054abc4ebb96610dac4dc88b41.png,6,mochila
ecf6f72bb2dd44e2aadd602ea27b5334.png,6,mochila
69b2af73de28497ea72459be48a5c117.png,6,mochila
640d14fb3b70471c8ac2ef5360e2b74e.png,6,mochila
c042777a72b54698a53938871566ee52.png,6,mochila
71a9ccf4a2694c11ad68a47d2be3ee86.png,6,mochila
9eb16e4ea0d84f27a6f8bfed69b4f130.png,6,mochila
ec8aff051a50474ca7b68364dde40ea9.png,6,mochila
584939e3fb77440aaf311703942d09b8.png,6,mochila
a73f0d822abc47c6806ccc647e5b6bbf.png,6,mochila
378dfb201ffe497c9073846156425d6c.png,6,mochila
2cda30f10e05474ea4d0573f3e82c9e3.png,6,mochila
c8dfe19f09f94bd38a73d260d4e01514.png,6,mochila
e19495b03c5147e9947b34fc214a4216.png,6,mochila
9e52e65671be434cb7e4e29ae007a142.png,6,mochila
48a78b41496a4f62b72ffc918a6c58a8.png,6,mochila
f4fb13cc3cee4e74879591b9ffcf4a45.png,6,mochila
ee9a5fc3563e427f84daa76b506edd6a.png,6,mochila
6c8f94dec7484aebbdea58105e3fb779.png,6,mochila
aa118a7a16a445d09cdf7d12e890f41d.png,6,mochila
f0f18606b1034e18ae8681a16415e812.png,6,mochila
163aa0991ade4465a2c91c98b639e8f0.png,6,mochila
236a278862984958a9016dfbc8ee1613.png,6,mochila
00837dc43f8648b0a60b3118b399a17e.png,6,mochila
77ceafe5cec64ecc87affd0a1ad1bb82.png,6,mochila
48e02642915e4db3b83eead668a502ff.png,6,mochila
33cccb2c295c4cb5a90e6a4e311e282a.png,6,mochila
0dd94b11c5de4100a422e21d6b133a16.png,6,mochila
93b95970220d4a21aa3c42524ac621d7.png,6,mochila
68e2f87784124e8389eb4e29d8830f94.png,6,mochila
88369bc3f41c49a9aad9fbf79eba27d3.png,7,teclado
1ea0b638afc5480aad9b61b629294322.png,7,teclado
d10895f39a044eac973551809325849d.png,7,teclado
4bee3f9fd011453c83873e387ffac38c.png,7,teclado
67fb9c23c858480782fa8e89ce9126c2.png,7,teclado
467fffeacf9842da939e1c4768c4740f.png,7,teclado
520b0ec04b5245db9b539ddb9ec82165.png,7,teclado
ef5045c55b4e42e4a7c347f69dce661b.png,7,teclado
d92347d8b5be415aa2fbfe15eae4e427.png,7,teclado
fc2ae16155504ea080d94167f8d57854.png,7,teclado
d88e3171ebac4fbd8c6a5d7471478132.png,7,teclado
dace055a30a843668098282d9d4a12aa.png,7,teclado
2a2be271336c47eb991d45bcc63804fb.png,7,teclado
5967684bc60d495f9887a8f44b9c229d.png,7,teclado
0c1ade755c9642ef96ec7174c49c48aa.png,7,teclado
140d2d997aab4e4eafd9451bc72e7f7e.png,7,teclado
02f5d3b7818245da9e6838efbb839db8.png,7,teclado
c89616dbd5ed4fc99a93f13941f353b1.png,7,teclado
429620f93e90451ebe0a1deb28715759.png,7,teclado
80a711d59dc44cab8cab842c6a9d6d5f.png,7,teclado
c35e062ce7ee491f894777b944a39282.png,7,teclado
5b5a4e42917541f5a3af92312faab74c.png,7,teclado
1db9def796234c8b988d52fd4caf101e.png,7,teclado
e026a1a6a3fa4af696842c26fe971ddb.png,7,teclado
ec47d0b65ec8457a82c55a7d5d81e360.png,7,teclado
256aa303bcfa43d5b0bb58b8bb9e530f.png,7,teclado
486bbe3b621a45f9a1762380f4d71086.png,7,teclado
b4a0a2903a4e4b369c97bd8c93e8e368.png,7,teclado
770281f3f67247d9a119916db046b80e.png,7,teclado
b650dd482147495291f6d117e606dc3b.png,7,teclado
084f006397e344899eade13e9ef5052b.png,7,teclado
3c17e7919ab349f2985aced9551c4852.png,7,teclado
ce6cdcd99a034b7fb6c3bfe401db1876.png,7,teclado
3b5a7ab6545240e2a85df53b2c171e38.png,7,teclado
3dd37eaba57640e083ed90ac73113dc0.png,7,teclado
44fefa1e53d3432484b12f4bb0a08fe2.png,7,teclado
f2970dbc221d421e8454c5b7a4c5aee6.png,7,teclado
290def97506144c7965f2c5f24512010.png,7,teclado
848c00e173d44af784844d40476f9ae0.png,7,teclado
5affdc2fe107458884a3adb7a6f8aa12.png,7,teclado
d121e40d9e29431f8e6f6cfcad69d94f.png,7,teclado
9b07392966b346f48e318ec2467ee73b.png,7,teclado
525284df52de45bebc9a0d987bffafa9.png,7,teclado
4c974d16661f4780814d7f849d6bd285.png,7,teclado
b89a53adbccb4def801988359da9d192.png,7,teclado
2ac287462c354c1f82420ae64c651808.png,7,teclado
2bc05ced75a54bc3904a1f89eaf3dc4e.png,7,teclado
bf466cedeaa14d49b0d8b286f52b7b8b.png,7,teclado
e68751b839604eeb8885805739ca206e.png,7,teclado
06e1176d55bf4f57846bbdf5283dd4a6.png,7,teclado
cd88d316f46440398e2cfec8109c27ad.png,7,teclado
d8a082823d1342c7b8b605b883f326a5.png,7,teclado
89143113593b41a9a877b8bb82b8e19c.png,7,teclado
3c3e1bc19ab64256a0c3143eb05ef07f.png,7,teclado
767f05611d3242d5a1b9945714f4d279.png,7,teclado
5ee3de560b2948928a0dc3b9e01e4f9c.png,7,teclado
8443eb2d62fd449e9ac919cc579ca4da.png,7,teclado
39a0869dfa4843a08675674cb51d20dd.png,7,teclado
cc247845471d4aa0a4fb774651a9fe76.png,7,teclado
b3dc69ae9fd44f3b8d0d201bcedbcd07.png,7,teclado
2055d8651f174b94a3e70c3505c3881d.png,7,teclado
376e7a6b837d4ce78c87e57410a08f4d.png,7,teclado
ffc4049180154e8d976dedcf9c8c3fb1.png,7,teclado
a288268a6c8f4c448a75190be9a60460.png,7,teclado
736aa7ec1e5b4946a041133824845574.png,7,teclado
6a892f67651f4156b1dea2fc4c6bf057.png,7,teclado
731207619d4b4a01a79c12a8e62ed338.png,7,teclado
de8945a7c50d4e8383b2613b382e5ac8.png,7,teclado
65dd0460fb6e42eb92ef2376aeef9fdb.png,7,teclado
dbda2f9008864c6dab790d5f3910104c.png,7,teclado
77c5cc2200c84bf7bea3bcec9e31bc38.png,7,teclado
dbea6a51eceb4436a624c05a1ee56dad.png,7,teclado
cf39206ee2b5436abecb1bab92f86c62.png,7,teclado
e656e2356d654e288d52e0c15db5aa7b.png,7,teclado
ba16257af0154a61a22b168db5ac3f93.png,7,teclado
ba197085af82416ba073d4873e9f5206.png,7,teclado
d6fd48adacfd4137bedcd3d9ba244b46.png,7,teclado
a18579c3dcc1432d99e1bc7b83e8176f.png,7,teclado
59ed6f3ed82f486bbf635fab6ae0c39e.png,7,teclado
e7dc5768d0ba4e3388e565cf79f2edfb.png,7,teclado
689694996ccc46b085fd6ff6e072ce1a.png,7,teclado
cacf4cc57b6b475abfbc0db537ec6933.png,7,teclado
9694afd41c3c4cc99b0cb26ed10b1b5c.png,7,teclado
97ec91cc3929458296a64ac619005a84.png,7,teclado
9ce306a569df4b11bcb43863c438890f.png,7,teclado
d4768eeeda464db6a32ce731ab21a3b6.png,7,teclado
325a1f3245f2438a8f71404435b927db.png,7,teclado
99213a10c14248cbaa1b8863262b1c50.png,7,teclado
32e90648ff5b49c0b77531e21122a3ef.png,7,teclado
cbfbaa8784784b9e9e81e5e3f5875d34.png,7,teclado
3d8aa735fc3b4e498efcf628f8a06787.png,7,teclado
d073cee3de364958983bd862ac2d1dc5.png,7,teclado
918e801a8a9c4904ab422b603ebf4221.png,7,teclado
dee7b38aa75647908248bba172b09f5d.png,7,teclado
d555d4c20e6840c0bee04e0262984a1a.png,7,teclado
884fd06b60224a9d9438803ae3e05e62.png,7,teclado
f92596961d6b41be9b9c3928a917f4b6.png,7,teclado
b395f7dd243240879448174d5556afde.png,7,teclado
a22ae51900454f34ad030d381ef81b73.png,7,teclado
b14dfc5e35a34973b3c8c1fb4aecefd5.png,7,teclado
5775700d284f45d8b05129e803119d3c.png,8,guitarra
3b498983305049dba51ce7035ff0d82b.png,8,guitarra
24c6415c47cc448e94ee474a821b033b.png,8,guitarra
64cd790dfe8345288f40b61366b114ab.png,8,guitarra
8c611d7bc2644cc68efb55cddfe0a19a.png,8,guitarra
56b727b98181462ea96066d516e56fd1.png,8,guitarra
6960b0e411fe45b5bf56fa482a813d0c.png,8,guitarra
80e997a9bad54807b27467651cb15f81.png,8,guitarra
be99fcc7ad9748af8c6a8541f8ad7c06.png,8,guitarra
cbe0796c267f4741a7a1f09edc8b6133.png,8,guitarra
cb61b9948d22496a850bcde12df9e4ed.png,8,guitarra
48dc0ba121f245f7a6c3146c5cd39a88.png,8,guitarra
ebb3c0d9b2074a2aac5efc73f99e9a8e.png,8,guitarra
d53d236efc474e09b342b2fb797a777f.png,8,guitarra
9f0240679ade43369f67a00220b461d4.png,8,guitarra
8ea2ed2170664c8b8b5c3003fa9d5642.png,8,guitarra
ebcfb4151d24465a8d7da9ae8fa84d66.png,8,guitarra
b5a8dc5fd5bf4154969cbd1253d25125.png,8,guitarra
959f43d5fb6544fd9825f96e60c7109d.png,8,guitarra
c5266cda20d1475d8fc6213f459f8fad.png,8,guitarra
816343099b0844e8845cb17147a089dc.png,8,guitarra
e0213170d220453287595992d30bf3c3.png,8,guitarra
968c74e8fbc442688f014cb0373afd24.png,8,guitarra
bc43e40f57204539abf0981de7f0b6c3.png,8,guitarra
8686ed508cd4454b8ea21bf5e107a664.png,8,guitarra
5df6c5a34047485b84e7e7f6175a496b.png,8,guitarra
a11aadcccdae4401af898b1f9b4ff1aa.png,8,guitarra
fcac5f4fe22a41be99403f63582dcf9f.png,8,guitarra
cdac50a2cddb463c8191760eef87954f.png,8,guitarra
3bfe6ef6636749d0a9700f33d80cbaa6.png,8,guitarra
1679a09eb8284c38abab42156a157329.png,8,guitarra
87041a44871147ebb1b7029583593714.png,8,guitarra
7664d497c6b84c30aba29b9973d7692d.png,8,guitarra
5a934b79d4684464a86085c18d5e3f84.png,8,guitarra
09b3a60432194a79b442f270188abde9.png,8,guitarra
c6da52f7b8d84101a516f151e7577ff6.png,8,guitarra
2d65b94fdc41434e8726e039d7c42966.png,8,guitarra
f683194146764d7caf776d809bf5b626.png,8,guitarra
6d6697f55c9441ff967e6d62a385bcfa.png,8,guitarra
868f372e43ad41d792c7dbf1041b80fd.png,8,guitarra
230387389d8e4b98aaac83e36fba70e6.png,8,guitarra
7d7e3d033b514f2abaad122b877a25da.png,8,guitarra
07f2c59a8d654610804f057381e4ba6f.png,8,guitarra
a7e077d64e184e7e9be450c398b88cda.png,8,guitarra
9aa5bfd7d8d5423ca374668b6d9c0118.png,8,guitarra
fb4f42ab6c7c431b964cad8251d5a6b0.png,8,guitarra
b1a63f249ff540ac81cd01d4667ebdff.png,8,guitarra
7413db6ce3d9412ea5e4c5a7349d197c.png,8,guitarra
6d2a5f81819249859dbca4cd70fee6e8.png,8,guitarra
4cd12951154043799dfade83efc39f65.png,8,guitarra
639d46acd3754abe83d1f7a786cfa0cf.png,8,guitarra
1ed5661b6fe24c5c8a5e0534d5819a43.png,8,guitarra
0b156ab7b4fb408887b8df70adcd3cde.png,8,guitarra
d6af69284d5145d59913883cba3b2fb7.png,8,guitarra
499f0bc879ae45e4b81f11a32baccc07.png,8,guitarra
ad7e961877c6417186e200716013dc5f.png,8,guitarra
7999f90fb22c4a72bfe2fe400b0323db.png,8,guitarra
ddaa9595cc354ded8bda9875cb51ba9e.png,8,guitarra
cc286cf320c6486d9d62b581d76743cf.png,8,guitarra
2bec9f1cf5674914af5a5ce8e690cb48.png,8,guitarra
3e137adc1eb34b688e03b6e2e3c3ff92.png,8,guitarra
1e4c95485fa2400eb72b98ebda481e57.png,8,guitarra
a20d91eee4d34c55b30614c80a22e631.png,8,guitarra
d6f7ddd7c0db4a01ac48c177551dbd9f.png,8,guitarra
e87871686de840ad8a7765698f589a37.png,8,guitarra
28a21873c70c418da99f4cc4c9cafb6f.png,8,guitarra
aa81c96d6b9c4704ae2210cefafdfdf9.png,8,guitarra
5a70a05854124e88a7b727d578a7dd2f.png,8,guitarra
84f4c96d08474e7f8eeef4d3a7ee3571.png,8,guitarra
6525e0bbc0bd48e183a2b939515c851b.png,8,guitarra
b7e053967cde4474bf9f91144f6de00a.png,8,guitarra
d4f5652252be4e89af7cb7b93115fa0e.png,8,guitarra
721b125cf817409fb05344742fcf19a8.png,8,guitarra
13dbc3e465dd49dface6533215cfc623.png,8,guitarra
296e355b5bf542d8a814f3e07033fdd8.png,8,guitarra
ee7e0594fe1d4bf6bcd9cea36daf29bc.png,8,guitarra
494bc39b188949d8aa48f374d47abb51.png,8,guitarra
ff533d69bed045b090c45b9ae685c2d8.png,8,guitarra
a3428309be434ef0a2346fd9a7e02ea8.png,8,guitarra
fc38c87d94c245c6a02a74eac8e7d013.png,8,guitarra
739f5a7dd782437f9751d0c954bc7b99.png,8,guitarra
2ddf53ef6e364728a34e186677ea0749.png,8,guitarra
59b2dbf928e14a47b14d8ba4fe97f7d2.png,8,guitarra
eabbba7089a545cdb2b5ba40eb86691a.png,8,guitarra
135a40399b2e46c9b504a0b765e3aa6d.png,8,guitarra
a32e4e9aa37e4fa184d1856eb778acb4.png,8,guitarra
9863db3a8b5e433492289c13ebd5dddc.png,8,guitarra
0f24a41bf3f24083b2eef1a29fdfb558.png,8,guitarra
1c752eaf82aa49589bea4ff14f17388b.png,8,guitarra
951be2de041941759fe5d434f559ad30.png,8,guitarra
1b16dfce94df4c30bdd996926114d796.png,8,guitarra
ba517b3e70904832aebe1f1bfb80da3b.png,8,guitarra
0d6e6604e7ed41668f1989a9ae99f7fa.png,8,guitarra
db4af126b25044559932d299b747b05b.png,8,guitarra
e2347c1dc8a74409bffc7ad3ce8b9a32.png,8,guitarra
a25b0ac88f06475c8afe6893809b7165.png,8,guitarra
91f4789ed105453fbe867b4e82b000f7.png,8,guitarra
4cd168a0e2b848c0840c1038ad41234e.png,8,guitarra
a1be1bd5026b40b9a3d502a0526392a1.png,8,guitarra
9d2974dd1f554d2d980054affb45f7d9.png,8,guitarra
8deacccb14e44f0bb4dae999979ae216.png,9,paraguas
9eea6dceb8b14e5da7f962ebfb087406.png,9,paraguas
fdd1dbb706044d36829855f95d05bd85.png,9,paraguas
e04ab985f9bd48668c6d7827b213769a.png,9,paraguas
4845f5ddf2504e7fbf99b6cdb9d34e8c.png,9,paraguas
8743d4d16bfd45caa841576429398d07.png,9,paraguas
19ac4a2599ef427fbdd8f565645b3ab3.png,9,paraguas
4638b7f3f6a547c583eef647dba761f8.png,9,paraguas
1d64b2c722c14210ac213120d1a1cd87.png,9,paraguas
82d551ad011347e6b50742e0d4c7885f.png,9,paraguas
efa3c525d1bc4c17b649c71128fedb66.png,9,paraguas
83ffba15f8f54f65af9f4ecb6896c59b.png,9,paraguas
9a697ab9eb7f426990f2d1bcd8bc9ba1.png,9,paraguas
cf0213e3cf824378bcbb34fa6b214e3b.png,9,paraguas
d2dd90b8413d49ea89218301ce136685.png,9,paraguas
842fe1d283db4284a291ca58a53d93dc.png,9,paraguas
2b2c37c2451844d88fb44cce1a708aac.png,9,paraguas
d5f5811af0be403d9cb72b39f6e705ed.png,9,paraguas
92fca0832f444941adc339155e5086be.png,9,paraguas
730f05d964e64fa5ae2d8a8085026b43.png,9,paraguas
01726f76e6b842fc8d5b76d79c41495d.png,9,paraguas
823b3e3c7fb4401c96f11f3affe05765.png,9,paraguas
ff38ccd029c64049a7d558fc9aadbeea.png,9,paraguas
61902e3a68ed48efb2b18d2310ad66d2.png,9,paraguas
4b7d143f00d24b5ab8c45548752bcffd.png,9,paraguas
e6359bd90a7648168fadc762a01b886d.png,9,paraguas
4a258fcd6c414169acf1ba8d83c6b8de.png,9,paraguas
a383c3c28fd04198847f938c65404e06.png,9,paraguas
db8da8c05859463889c049fe601a1959.png,9,paraguas
8fe02ca6c13743baa572d0e2827859e7.png,9,paraguas
c1958d06adb142fbaf57c288b17859f8.png,9,paraguas
6fc4fb550ac543c2bef0f9b467a1deed.png,9,paraguas
9440b68c68e74906835356bd2127e0ce.png,9,paraguas
a6c5b80a647b4007a660bcfa2083f92f.png,9,paraguas
11a9ef44f2c7488a8d05e6381f00a968.png,9,paraguas
51b4fb8361194b9bac1a54e218af549f.png,9,paraguas
9273dc7143a14c449c7aeef7f4f01b49.png,9,paraguas
b28d19e31cb4402bb88e4c46b4b5c0a4.png,9,paraguas
11a98d719e7b4e8f86e0720f691ee977.png,9,paraguas
bbde1f55e0f74441ba33920b3ec1965f.png,9,paraguas
04c29483a6b5434fb80e0e7c975853b7.png,9,paraguas
5505bdd04d2a4171be91612ad3ac0cfe.png,9,paraguas
e5b635e681774cdca0c602ad2f3e6f45.png,9,paraguas
18cb4675d3104d95a70d0b5faabaf60a.png,9,paraguas
9e29af4af0694486aa0cb91ec773e7fd.png,9,paraguas
ec7ee911cd9f4a34b6cc3972e0a9c027.png,9,paraguas
7fc5c92d18794ea28226b4dc5c3c2578.png,9,paraguas
43b90c116cce47d9b79be3eb92259eb3.png,9,paraguas
b7f833c9ff624b3e97d652c112c667b4.png,9,paraguas
741c4af4c6b0418cb7780a20988df2e5.png,9,paraguas
4c34ce7be6144f34a538ddbf81d02885.png,9,paraguas
9afba5e0ef1a47328f734c46e01d2e19.png,9,paraguas
33ded69c0db341cb92cc95f699639d0c.png,9,paraguas
0181d997587a416b92992d621ec338dd.png,9,paraguas
e73f3af287f640ff8835ae25a3c7c1e3.png,9,paraguas
b1d2d1a3ecd344829705300e0957ff75.png,9,paraguas
e18f47b9f46b4af99230cdd64e9f78f7.png,9,paraguas
c76d1fd051bc4d7da8d974700bfb594d.png,9,paraguas
56c2f76d9b934a42a8a80f7bfcc5019d.png,9,paraguas
77d2ebfee41e40aca7c3579c1afa6829.png,9,paraguas
aabab7191311454995ed710946e38a63.png,9,paraguas
d9b320d46a9a4d4e85bc906cdb814558.png,9,paraguas
9878d7d5551244dd9f3b9617f9af7d24.png,9,paraguas
bd8f1e1e810440ec8389f8081ef90c82.png,9,paraguas
56b13ce2f91b41598fd27eca477c09dd.png,9,paraguas
052b76b480de47bbbf170ac688585cd2.png,9,paraguas
5d058ff2bfa64294abdf509e47e1d4a3.png,9,paraguas
66fb810d7cfa42ab9e0849da1ef71a98.png,9,paraguas
c537a8ea206c47e5b019ca5bc14274a0.png,9,paraguas
01e8d5ad6b9546d9b1bd2be9a726085e.png,9,paraguas
551e8b570f984251950b1d6317e294d6.png,9,paraguas
72b1a26f0b36472884170cc50f59b804.png,9,paraguas
ccad9f3cb02f4c799116a677e2510037.png,9,paraguas
6cfc28aafcdb49d0a44cbe187e25bdb1.png,9,paraguas
e7522ba4030b4047be10bbc73f58feff.png,9,paraguas
982750df07834cd097406595449a4b35.png,9,paraguas
4093a1810f5f4e349ed95b9aadb5f1c6.png,9,paraguas
d7ef4dd5779b4301b1f6a05dcf6cdae9.png,9,paraguas
f4a9524b313b47e49971b4a00e4e8ba9.png,9,paraguas
dc699b22528f4be6ab246a69a897c2c4.png,9,paraguas
a5f358b5e2d241e5a41d4cd8796111f6.png,9,paraguas
9f76a42901b3461bac8fba0ea70930e2.png,9,paraguas
68632a9e3ff84c1d971c61a2fb3cbecf.png,9,paraguas
bd9cf6ebeccf406aba8caffb5153af90.png,9,paraguas
f8f903f7b3ee449f81484f7a45125e21.png,9,paraguas
96f9ae5c7f71434d9979ae002865db4c.png,9,paraguas
b731db229ecb46c7847adc8e9aece688.png,9,paraguas
184418fcff2c41f8859ca97e46a5d381.png,9,paraguas
deb2333767774b0a963d5862c0adf3d1.png,9,paraguas
2c37c072402b4ca6bbbd541d46a1ed88.png,9,paraguas
8e3d3b6febf049e0bc69537924bc5e60.png,9,paraguas
300074ff9e1d43a1bfaece8733a7e733.png,9,paraguas
d02b77ff12264b64aedeb76b702434ee.png,9,paraguas
43a69147e6bb4ab08b1e566705c004f5.png,9,paraguas
19505195611f427093342cc84689a916.png,9,paraguas
29d3eb30c6c040dd9adb55370064c30d.png,9,paraguas
b68e1c8898ed4df8b55d749fe82d2caa.png,9,paraguas
24dd8281482742a794ca4288186beb24.png,9,paraguas
c4d9f2986b9549ff826ea074c3880a20.png,9,paraguas
4771b1309edf47449cefaf4caad605ea.png,9,paraguas
